Order Date,Website,Shipment Date,Shipping Address State,Order Status,Subtotal,Shipping Charge,Tax Before Promotions,Total Promotions,Tax Charged,Total Charged,Carrier,Order Month,Month,Year
03/07/16,Amazon.com,03/08/16,CA,Shipped,19.95,$0.00,$0.00,$0.00,$0.00,19.95,USPS,03/16,03,16
03/09/16,Amazon.com,03/09/16,CA,Shipped,20.48,$0.00,$0.00,$0.00,$0.00,20.48,UPS,03/16,03,16
03/15/16,Amazon.com,03/16/16,CA,Shipped,88.84,$0.00,$5.07,$0.00,$5.07,93.91,FEDEX,03/16,03,16
03/23/16,Amazon.com,03/23/16,CA,Shipped,9.89,$0.00,$0.00,$0.00,$0.00,9.89,USPS,03/16,03,16
03/27/16,Amazon.com,03/28/16,CA,Shipped,4.35,$0.00,$0.00,$0.00,$0.00,4.35,CHINA POST,03/16,03,16
04/04/16,Amazon.com,04/05/16,CA,Shipped,99.00,$0.00,$6.19,$0.00,$6.19,105.19,USPS,04/16,04,16
04/14/16,Amazon.com,04/15/16,CA,Shipped,19.99,$0.00,$0.00,$0.00,$0.00,19.99,USPS,04/16,04,16
04/15/16,Amazon.com,04/15/16,CA,Shipped,11.49,$0.00,$0.00,$0.00,$0.00,11.49,USPS,04/16,04,16
05/08/16,Amazon.com,05/10/16,CA,Shipped,25.98,$0.00,$0.00,$0.00,$0.00,25.98,USPS,05/16,05,16
05/20/16,Amazon.com,05/22/16,CA,Shipped,15.89,$0.00,$0.00,$0.00,$0.00,15.89,USPS,05/16,05,16
06/09/16,Amazon.com,06/10/16,CA,Shipped,35.09,$0.00,$2.60,$7.00,$2.60,30.69,USPS,06/16,06,16
07/04/16,Amazon.com,07/05/16,CA,Shipped,17.92,$0.00,$1.66,$0.00,$1.66,19.58,UPS,07/16,07,16
07/27/16,Amazon.com,07/28/16,CA,Shipped,109.95,$0.00,$0.00,$11.00,$0.00,98.95,FEDEX,07/16,07,16
08/15/16,Amazon.com,08/17/16,CA,Shipped,29.99,$0.00,$2.77,$0.00,$2.77,32.76,UPS,08/16,08,16
09/04/16,Amazon.com,09/04/16,CA,Shipped,27.99,$0.00,$0.00,$0.00,$0.00,27.99,USPS,09/16,09,16
09/04/16,Amazon.com,09/06/16,CA,Shipped,15.68,$0.00,$0.00,$0.00,$0.00,15.68,EUB,09/16,09,16
09/05/16,Amazon.com,09/06/16,CA,Shipped,217.95,$0.00,$19.62,$0.00,$19.62,237.57,UPS,09/16,09,16
09/05/16,Amazon.com,09/12/16,CA,Shipped,78.95,$0.00,$0.00,$0.00,$0.00,78.95,NODATA,09/16,09,16
09/05/16,Amazon.com,09/06/16,CA,Shipped,11.85,$0.00,$1.07,$0.00,$1.07,12.92,AMZN_US,09/16,09,16
09/07/16,Amazon.com,09/08/16,CA,Shipped,29.55,$0.00,$2.66,$0.00,$2.66,32.21,AMZN_US,09/16,09,16
09/12/16,Amazon.com,09/13/16,CA,Shipped,24.99,$0.00,$0.00,$0.00,$0.00,24.99,AMZN_US,09/16,09,16
09/14/16,Amazon.com,09/15/16,CA,Shipped,7.00,$0.00,$0.63,$0.00,$0.63,7.63,USPS,09/16,09,16
09/16/16,Amazon.com,09/17/16,CA,Shipped,27.77,$0.00,$2.50,$0.00,$2.50,30.27,AMZN_US,09/16,09,16
10/08/16,Amazon.com,10/09/16,CA,Shipped,19.97,$0.00,$0.00,$0.00,$0.00,19.97,AMZN_US,10/16,10,16
10/09/16,Amazon.com,10/09/16,CA,Shipped,4.70,$0.00,$0.00,$0.00,$0.00,4.70,AMZN_US,10/16,10,16
10/11/16,Amazon.com,10/13/16,CA,Shipped,117.90,$0.00,$0.00,$0.00,$0.00,117.90,UPS,10/16,10,16
10/15/16,Amazon.com,10/17/16,CA,Shipped,6.29,$0.00,$0.57,$0.00,$0.57,6.86,UPS,10/16,10,16
11/09/16,Amazon.com,11/13/16,CA,Shipped,31.99,$0.00,$2.88,$0.00,$2.88,34.87,USPS,11/16,11,16
12/12/16,Amazon.com,12/13/16,CA,Shipped,30.00,$0.00,$0.00,$0.00,$0.00,30.00,FEDEX,12/16,12,16
12/12/16,Amazon.com,12/14/16,CA,Shipped,14.00,$0.00,$1.26,$0.00,$1.26,15.26,USPS,12/16,12,16
12/14/16,Amazon.com,12/15/16,CA,Shipped,37.99,$0.00,$3.42,$0.00,$3.42,41.41,USPS,12/16,12,16
12/14/16,Amazon.com,12/15/16,CA,Shipped,31.38,$5.99,$3.37,$0.00,$3.37,40.74,AMZN_US,12/16,12,16
12/14/16,Amazon.com,12/15/16,CA,Shipped,10.99,$3.99,$0.00,$0.00,$0.00,14.98,UPS,12/16,12,16
12/14/16,Amazon.com,12/15/16,CA,Shipped,19.99,$11.99,$2.88,$0.00,$2.88,34.86,UPS,12/16,12,16
12/15/16,Amazon.com,12/16/16,CA,Shipped,13.44,$0.00,$1.21,$0.00,$1.21,14.65,USPS,12/16,12,16
12/15/16,Amazon.com,12/15/16,CA,Shipped,19.65,$0.00,$1.76,$0.00,$1.76,21.41,USPS,12/16,12,16
01/04/17,Amazon.com,01/05/17,CA,Shipped,10.94,$0.00,$0.00,$0.00,$0.00,10.94,USPS,01/17,01,17
01/04/17,Amazon.com,01/04/17,CA,Shipped,41.53,$5.99,$1.71,$5.99,$1.71,43.24,AMZN_US,01/17,01,17
01/15/17,Amazon.com,01/15/17,CA,Shipped,22.69,$0.00,$1.99,$0.00,$1.99,24.68,AMZN_US,01/17,01,17
01/15/17,Amazon.com,01/16/17,CA,Shipped,3.70,$0.00,$0.32,$0.00,$0.32,4.02,UPS,01/17,01,17
01/15/17,Amazon.com,01/16/17,CA,Shipped,3.94,$0.00,$0.34,$0.00,$0.34,4.28,UPS,01/17,01,17
01/19/17,Amazon.com,01/20/17,CA,Shipped,30.80,$0.00,$0.00,$0.00,$0.00,30.80,USPS,01/17,01,17
01/21/17,Amazon.com,01/21/17,CA,Shipped,31.99,$0.00,$2.80,$0.00,$2.80,34.79,USPS,01/17,01,17
01/25/17,Amazon.com,01/26/17,CA,Shipped,8.99,$0.00,$0.79,$0.00,$0.79,9.78,USPS,01/17,01,17
01/25/17,Amazon.com,01/25/17,CA,Shipped,33.65,$0.00,$1.20,$0.00,$1.20,34.85,USPS,01/17,01,17
02/04/17,Amazon.com,02/06/17,CA,Shipped,109.96,$7.93,$0.00,$0.00,$0.00,117.89,USPS,02/17,02,17
02/04/17,Amazon.com,02/05/17,CA,Shipped,52.99,$2.99,$0.00,$2.99,$0.00,52.99,AMZN_US,02/17,02,17
02/04/17,Amazon.com,02/05/17,CA,Shipped,11.50,$3.00,$1.01,$3.00,$1.01,12.51,AMZN_US,02/17,02,17
02/04/17,Amazon.com,02/06/17,CA,Shipped,8.78,$0.00,$0.76,$0.00,$0.76,9.54,UPS,02/17,02,17
02/24/17,Amazon.com,02/24/17,CA,Shipped,9.99,$0.00,$0.00,$0.00,$0.00,9.99,USPS,02/17,02,17
03/06/17,Amazon.com,03/06/17,CA,Shipped,10.79,$0.00,$0.94,$0.00,$0.94,11.73,AMZN_US,03/17,03,17
04/09/17,Amazon.com,04/10/17,CA,Shipped,19.43,$0.00,$1.70,$0.00,$1.70,21.13,AMZN_US,04/17,04,17
04/09/17,Amazon.com,04/11/17,CA,Shipped,99.95,$0.00,$0.00,$0.00,$0.00,99.95,USPS,04/17,04,17
04/17/17,Amazon.com,04/18/17,CA,Shipped,11.59,$0.00,$1.01,$0.00,$1.01,12.60,USPS,04/17,04,17
04/17/17,Amazon.com,04/17/17,CA,Shipped,7.70,$0.00,$0.00,$0.00,$0.00,7.70,USPS,04/17,04,17
04/17/17,Amazon.com,04/18/17,CA,Shipped,4.55,$0.00,$0.00,$0.00,$0.00,4.55,USPS,04/17,04,17
05/05/17,Amazon.com,05/06/17,CA,Shipped,16.93,$0.00,$1.02,$0.00,$1.02,17.95,FEDEXSMARTPOST,05/17,05,17
05/05/17,Amazon.com,05/06/17,CA,Shipped,22.68,$0.00,$1.19,$0.00,$1.19,23.87,USPS,05/17,05,17
05/05/17,Amazon.com,05/06/17,CA,Shipped,6.23,$0.00,$0.55,$0.00,$0.55,6.78,USPS,05/17,05,17
06/28/17,Amazon.com,06/29/17,CA,Shipped,22.25,$0.00,$1.95,$0.00,$1.95,24.20,USPS,06/17,06,17
06/28/17,Amazon.com,06/29/17,CA,Shipped,19.10,$0.00,$1.67,$0.00,$1.67,20.77,USPS,06/17,06,17
06/28/17,Amazon.com,06/29/17,CA,Shipped,6.72,$0.00,$0.59,$0.00,$0.59,7.31,ONTRAC,06/17,06,17
06/28/17,Amazon.com,06/29/17,CA,Shipped,9.34,$0.00,$0.82,$0.00,$0.82,10.16,USPS,06/17,06,17
07/04/17,Amazon.com,07/06/17,CA,Shipped,14.00,$0.00,$1.23,$0.00,$1.23,15.23,USPS,07/17,07,17
07/04/17,Amazon.com,07/04/17,CA,Shipped,11.72,$0.40,$0.00,$0.00,$0.00,12.12,CHINA POST,07/17,07,17
07/09/17,Amazon.com,07/09/17,CA,Shipped,27.18,$0.00,$2.38,$0.00,$2.38,29.56,USPS,07/17,07,17
07/09/17,Amazon.com,07/10/17,CA,Shipped,40.99,$0.00,$1.58,$0.00,$1.58,42.57,USPS,07/17,07,17
07/26/17,Amazon.com,07/27/17,CA,Shipped,27.28,$0.00,$2.22,$0.00,$2.22,29.50,AMZN_US,07/17,07,17
07/26/17,Amazon.com,07/27/17,CA,Shipped,49.89,$0.00,$2.44,$0.00,$2.44,52.33,ONTRAC,07/17,07,17
09/25/17,Amazon.com,09/26/17,CA,Shipped,26.65,$0.00,$2.34,$0.00,$2.34,28.99,USPS,09/17,09,17
09/25/17,Amazon.com,09/26/17,CA,Shipped,12.99,$0.00,$0.00,$0.00,$0.00,12.99,ONTRAC,09/17,09,17
10/15/17,Amazon.com,10/16/17,CA,Shipped,50.90,$5.99,$1.57,$5.99,$1.57,52.47,AMZN_US,10/17,10,17
10/17/17,Amazon.com,10/18/17,CA,Shipped,13.95,$0.00,$1.22,$0.00,$1.22,15.17,USPS,10/17,10,17
10/26/17,Amazon.com,10/28/17,CA,Shipped,51.43,$0.00,$2.58,$0.00,$2.58,54.01,AMZN_US,10/17,10,17
10/26/17,Amazon.com,10/28/17,CA,Shipped,4.97,$0.00,$0.43,$0.00,$0.43,5.40,USPS,10/17,10,17
11/01/17,Amazon.com,11/04/17,CA,Shipped,33.00,$0.00,$0.00,$0.00,$0.00,37.99,USPS,11/17,11,17
11/01/17,Amazon.com,11/01/17,CA,Shipped,19.95,$0.00,$0.00,$0.00,$0.00,19.95,AMZN_US,11/17,11,17
11/02/17,Amazon.com,11/03/17,CA,Shipped,12.91,$0.00,$0.00,$0.00,$0.00,12.91,AMZN_US,11/17,11,17
11/03/17,Amazon.com,11/04/17,CA,Shipped,28.68,$0.00,$2.51,$0.00,$2.51,31.19,AMZN_US,11/17,11,17
11/03/17,Amazon.com,11/03/17,CA,Shipped,11.79,$0.00,$1.03,$0.00,$1.03,12.82,AMZN_US,11/17,11,17
11/03/17,Amazon.com,11/03/17,CA,Shipped,5.49,$0.00,$0.00,$0.00,$0.00,5.49,USPS,11/17,11,17
11/03/17,Amazon.com,11/07/17,CA,Shipped,5.50,$0.00,$0.48,$0.00,$0.48,5.98,UPS,11/17,11,17
11/14/17,Amazon.com,11/15/17,CA,Shipped,7.99,$0.00,$0.00,$0.00,$0.00,7.99,USPS,11/17,11,17
11/21/17,Amazon.com,11/22/17,CA,Shipped,36.72,$0.00,$3.21,$0.00,$3.21,39.93,AMZN_US,11/17,11,17
11/21/17,Amazon.com,11/21/17,CA,Shipped,32.97,$0.00,$0.00,$0.00,$0.00,32.97,USPS,11/17,11,17
11/24/17,Amazon.com,11/25/17,CA,Shipped,19.99,$0.00,$0.00,$0.00,$0.00,19.99,USPS,11/17,11,17
11/24/17,Amazon.com,11/26/17,CA,Shipped,17.37,$0.00,$1.52,$0.00,$1.52,18.89,USPS,11/17,11,17
11/24/17,Amazon.com,11/26/17,CA,Shipped,4.99,$0.00,$0.00,$0.00,$0.00,4.99,USPS,11/17,11,17
11/24/17,Amazon.com,11/25/17,CA,Shipped,38.10,$0.00,$3.27,$0.68,$3.27,40.69,UPS,11/17,11,17
11/24/17,Amazon.com,11/26/17,CA,Shipped,27.47,$0.00,$2.40,$0.00,$2.40,29.87,USPS,11/17,11,17
11/24/17,Amazon.com,11/25/17,CA,Shipped,29.84,$0.00,$2.61,$0.00,$2.61,32.45,USPS,11/17,11,17
11/24/17,Amazon.com,11/25/17,CA,Shipped,16.85,$0.00,$1.47,$0.00,$1.47,18.32,USPS,11/17,11,17
11/24/17,Amazon.com,11/25/17,CA,Shipped,15.49,$0.00,$0.00,$0.00,$0.00,15.49,USPS,11/17,11,17
11/24/17,Amazon.com,11/25/17,CA,Shipped,17.22,$0.00,$1.51,$0.00,$1.51,18.73,UPS,11/17,11,17
11/24/17,Amazon.com,11/26/17,CA,Shipped,21.35,$0.00,$1.87,$0.00,$1.87,23.22,USPS,11/17,11,17
11/24/17,Amazon.com,11/27/17,CA,Shipped,29.49,$0.00,$0.00,$0.00,$0.00,29.49,USPS,11/17,11,17
11/24/17,Amazon.com,11/25/17,CA,Shipped,6.58,$0.00,$0.00,$0.00,$0.00,6.58,USPS,11/17,11,17
11/24/17,Amazon.com,11/25/17,CA,Shipped,41.99,$0.00,$0.00,$4.20,$0.00,37.79,USPS,11/17,11,17
11/24/17,Amazon.com,11/25/17,CA,Shipped,12.99,$0.00,$1.14,$0.00,$1.14,14.13,USPS,11/17,11,17
12/07/17,Amazon.com,12/08/17,CA,Shipped,17.34,$0.00,$1.52,$0.00,$1.52,18.86,USPS,12/17,12,17
12/10/17,Amazon.com,12/10/17,CA,Shipped,9.28,$0.00,$0.00,$0.00,$0.00,9.28,USPS,12/17,12,17
12/10/17,Amazon.com,12/11/17,CA,Shipped,21.98,$0.00,$0.00,$0.00,$0.00,21.98,USPS,12/17,12,17
12/10/17,Amazon.com,12/11/17,CA,Shipped,6.49,$0.00,$0.00,$0.00,$0.00,6.49,USPS,12/17,12,17
12/11/17,Amazon.com,12/11/17,CA,Shipped,66.85,$0.00,$0.00,$0.00,$0.00,66.85,USPS,12/17,12,17
12/11/17,Amazon.com,12/14/17,CA,Shipped,7.90,$0.00,$0.00,$0.00,$0.00,7.90,USPS,12/17,12,17
12/11/17,Amazon.com,12/11/17,CA,Shipped,8.99,$0.00,$0.00,$0.00,$0.00,8.99,USPS,12/17,12,17
12/14/17,Amazon.com,12/15/17,CA,Shipped,14.99,$0.00,$0.00,$0.00,$0.00,14.99,USPS,12/17,12,17
12/21/17,Amazon.com,12/21/17,CA,Shipped,139.95,$0.00,$12.60,$0.00,$12.60,152.55,USPS,12/17,12,17
12/25/17,Amazon.com,12/26/17,CA,Shipped,9.99,$0.00,$0.00,$0.00,$0.00,9.99,USPS,12/17,12,17
12/25/17,Amazon.com,12/26/17,CA,Shipped,9.99,$0.00,$0.00,$0.00,$0.00,9.99,USPS,12/17,12,17
12/28/17,Amazon.com,12/29/17,CA,Shipped,20.95,$0.00,$0.00,$0.00,$0.00,20.95,AMZN_US,12/17,12,17
12/30/17,Amazon.com,01/01/18,CA,Shipped,29.85,$0.00,$2.39,$0.00,$2.39,32.24,USPS,12/17,12,17
01/04/18,Amazon.com,01/07/18,CA,Shipped,10.00,$0.00,$0.00,$0.00,$0.00,10.00,AMZN_US,01/18,01,18
01/04/18,Amazon.com,01/05/18,CA,Shipped,8.79,$0.00,$0.00,$0.00,$0.00,8.79,USPS,01/18,01,18
01/04/18,Amazon.com,01/07/18,CA,Shipped,8.99,$0.00,$0.00,$0.00,$0.00,8.99,AMZN_US,01/18,01,18
01/04/18,Amazon.com,01/05/18,CA,Shipped,9.98,$0.00,$0.00,$0.00,$0.00,9.98,USPS,01/18,01,18
01/04/18,Amazon.com,01/07/18,CA,Shipped,7.99,$0.00,$0.00,$0.00,$0.00,7.99,AMZN_US,01/18,01,18
01/05/18,Amazon.com,01/05/18,CA,Shipped,6.88,$0.00,$0.00,$0.00,$0.00,6.88,USPS,01/18,01,18
01/18/18,Amazon.com,01/20/18,CA,Shipped,30.20,$0.00,$1.25,$0.00,$1.25,31.45,AMZN_US,01/18,01,18
02/02/18,Amazon.com,02/02/18,CA,Shipped,15.99,$0.00,$0.00,$0.00,$0.00,15.99,USPS,02/18,02,18
02/11/18,Amazon.com,02/12/18,CA,Shipped,11.46,$3.99,$1.35,$0.00,$1.35,16.80,USPS,02/18,02,18
02/11/18,Amazon.com,02/12/18,CA,Shipped,10.30,$0.00,$0.90,$0.00,$0.90,11.20,AMZN_US,02/18,02,18
02/17/18,Amazon.com,02/19/18,CA,Shipped,3.97,$0.00,$0.00,$0.00,$0.00,3.97,USPS,02/18,02,18
02/23/18,Amazon.com,02/25/18,CA,Shipped,16.77,$2.99,$0.00,$0.00,$0.00,19.76,KOREA POST,02/18,02,18
02/23/18,Amazon.com,02/24/18,CA,Shipped,20.78,$0.00,$0.00,$0.00,$0.00,20.78,KOREA POST,02/18,02,18
03/22/18,Amazon.com,03/23/18,CA,Shipped,6.65,$0.00,$0.58,$0.00,$0.58,7.23,USPS,03/18,03,18
03/26/18,Amazon.com,03/27/18,CA,Shipped,20.99,$0.00,$0.00,$0.00,$0.00,20.99,AMZN_US,03/18,03,18
03/27/18,Amazon.com,03/29/18,CA,Shipped,109.99,$0.00,$0.00,$0.00,$0.00,109.99,AMZN_US,03/18,03,18
03/30/18,Amazon.com,03/31/18,CA,Shipped,23.98,$0.00,$1.99,$0.00,$1.99,25.97,AMZN_US,03/18,03,18
03/31/18,Amazon.com,04/01/18,CA,Shipped,189.00,$2.99,$16.54,$2.99,$16.54,205.54,AMZN_US,03/18,03,18
03/31/18,Amazon.com,04/01/18,CA,Shipped,37.05,$3.00,$3.24,$3.00,$3.24,40.29,AMZN_US,03/18,03,18
03/31/18,Amazon.com,04/01/18,CA,Shipped,3.89,$0.00,$0.00,$0.00,$0.00,3.89,NODATA,03/18,03,18
04/10/18,Amazon.com,04/10/18,CA,Shipped,59.95,$0.00,$5.25,$0.00,$5.25,65.20,USPS,04/18,04,18
04/12/18,Amazon.com,04/12/18,CA,Shipped,12.86,$6.40,$0.00,$0.00,$0.00,19.26,USPS,04/18,04,18
04/13/18,Amazon.com,04/13/18,CA,Shipped,5.94,$0.00,$0.52,$0.00,$0.52,6.46,AMZN_US,04/18,04,18
04/13/18,Amazon.com,04/13/18,CA,Shipped,35.90,$0.00,$2.09,$4.75,$2.09,33.24,AMZN_US,04/18,04,18
04/13/18,Amazon.com,04/13/18,CA,Shipped,17.82,$0.00,$1.56,$0.00,$1.56,19.38,ONTRAC,04/18,04,18
04/17/18,Amazon.com,04/18/18,CA,Shipped,499.99,$0.00,$43.75,$0.00,$43.75,543.74,USPS,04/18,04,18
04/19/18,Amazon.com,04/20/18,CA,Shipped,104.00,$0.00,$9.10,$0.00,$9.10,113.10,FEDEX,04/18,04,18
04/21/18,Amazon.com,04/22/18,CA,Shipped,0.00,$0.00,$0.00,$0.00,$0.00,0.00,USPS,04/18,04,18
04/26/18,Amazon.com,04/27/18,CA,Shipped,34.39,$0.00,$0.39,$0.00,$0.39,34.78,AMZN_US,04/18,04,18
04/26/18,Amazon.com,04/28/18,CA,Shipped,83.89,$0.00,$7.34,$0.00,$7.34,91.23,USPS,04/18,04,18
05/06/18,Amazon.com,05/06/18,CA,Shipped,21.23,$0.00,$1.86,$0.00,$1.86,23.09,USPS,05/18,05,18
05/06/18,Amazon.com,05/06/18,CA,Shipped,7.49,$0.00,$0.00,$0.00,$0.00,7.49,USPS,05/18,05,18
05/11/18,Amazon.com,05/11/18,CA,Shipped,0.00,$0.00,$0.00,$0.00,$0.00,0.00,AMZN_US,05/18,05,18
05/11/18,Amazon.com,05/12/18,CA,Shipped,28.00,$0.00,$0.00,$0.00,$0.00,28.00,AMZN_US,05/18,05,18
05/16/18,Amazon.com,05/16/18,CA,Shipped,9.99,$5.32,$0.87,$5.32,$0.87,10.86,ONTRAC,05/18,05,18
05/16/18,Amazon.com,05/17/18,CA,Shipped,46.49,$0.67,$4.07,$0.67,$4.07,50.56,AMZN_US,05/18,05,18
05/20/18,Amazon.com,05/20/18,NODATA,Shipped,75.00,$0.00,$0.00,$0.00,$0.00,75.00,NODATA,05/18,05,18
05/20/18,Amazon.com,05/20/18,NODATA,Shipped,75.00,$0.00,$0.00,$0.00,$0.00,75.00,NODATA,05/18,05,18
05/20/18,Amazon.com,05/20/18,NODATA,Shipped,75.00,$0.00,$0.00,$0.00,$0.00,75.00,NODATA,05/18,05,18
05/20/18,Amazon.com,05/21/18,CA,Shipped,127.99,$5.99,$11.20,$5.99,$11.20,139.19,AMZN_US,05/18,05,18
05/20/18,Amazon.com,05/22/18,CA,Shipped,7.95,$0.00,$0.70,$0.00,$0.70,8.65,USPS,05/18,05,18
05/20/18,Amazon.com,05/21/18,CA,Shipped,25.87,$0.00,$2.26,$0.00,$2.26,28.13,USPS,05/18,05,18
05/21/18,Amazon.com,05/22/18,CA,Shipped,5.99,$0.00,$0.52,$0.00,$0.52,6.51,USPS,05/18,05,18
05/21/18,Amazon.com,06/11/18,CA,Shipped,6.00,$0.00,$0.54,$0.00,$0.54,6.54,AMZN_US,05/18,05,18
05/21/18,Amazon.com,05/21/18,CA,Shipped,62.94,$5.99,$5.51,$5.99,$5.51,68.45,AMZN_US,05/18,05,18
05/22/18,Amazon.com,05/22/18,CA,Shipped,127.99,$0.00,$10.32,$10.00,$10.32,128.31,UPS,05/18,05,18
05/28/18,Amazon.com,05/30/18,CA,Shipped,27.98,$0.00,$0.87,$1.25,$0.87,27.60,ONTRAC,05/18,05,18
05/28/18,Amazon.com,05/29/18,CA,Shipped,2.79,$0.00,$0.24,$0.00,$0.24,3.03,USPS,05/18,05,18
05/31/18,Amazon.com,06/01/18,CA,Shipped,89.98,$5.99,$7.87,$5.99,$7.87,97.85,AMZN_US,05/18,05,18
06/11/18,Amazon.com,06/11/18,CA,Shipped,37.57,$0.00,$3.21,$0.82,$3.21,39.96,USPS,06/18,06,18
06/12/18,Amazon.com,06/13/18,CA,Shipped,10.95,$0.00,$0.99,$0.00,$0.99,11.94,USPS,06/18,06,18
06/12/18,Amazon.com,06/13/18,CA,Shipped,5.99,$0.00,$0.54,$0.00,$0.54,6.53,USPS,06/18,06,18
07/06/18,Amazon.com,07/07/18,CA,Shipped,27.06,$0.00,$2.35,$3.00,$2.35,26.41,AMZN_US,07/18,07,18
07/06/18,Amazon.com,07/07/18,CA,Shipped,9.99,$0.00,$0.87,$0.00,$0.87,10.86,AMZN_US,07/18,07,18
07/07/18,Amazon.com,07/07/18,CA,Shipped,19.19,$0.00,$1.68,$0.00,$1.68,20.87,AMZN_US,07/18,07,18
07/31/18,Amazon.com,07/31/18,CA,Shipped,22.40,$0.00,$0.00,$0.00,$0.00,22.40,AMZN_US,07/18,07,18
07/31/18,Amazon.com,08/01/18,CA,Shipped,11.99,$0.00,$1.05,$0.00,$1.05,13.04,USPS,07/18,07,18
08/06/18,Amazon.com,08/06/18,CA,Shipped,35.10,$0.00,$2.41,$0.00,$2.41,37.51,USPS,08/18,08,18
08/15/18,Amazon.com,08/16/18,CA,Shipped,8.99,$0.00,$0.00,$0.00,$0.00,8.99,USPS,08/18,08,18
08/18/18,Amazon.com,08/19/18,CA,Shipped,18.38,$0.00,$1.60,$0.00,$1.60,19.98,USPS,08/18,08,18
08/18/18,Amazon.com,08/19/18,CA,Shipped,89.93,$5.99,$7.88,$5.99,$7.88,97.81,AMZN_US,08/18,08,18
08/22/18,Amazon.com,08/23/18,CA,Shipped,7.99,$0.00,$0.70,$0.00,$0.70,8.69,USPS,08/18,08,18
08/28/18,Amazon.com,08/29/18,CA,Shipped,23.99,$0.00,$2.10,$0.00,$2.10,26.09,UPS,08/18,08,18
08/28/18,Amazon.com,08/29/18,CA,Shipped,16.33,$0.00,$1.42,$0.00,$1.42,17.75,USPS,08/18,08,18
09/02/18,Amazon.com,09/03/18,CA,Shipped,27.36,$0.00,$2.39,$4.00,$2.39,25.75,USPS,09/18,09,18
09/10/18,Amazon.com,09/10/18,CA,Shipped,12.45,$0.00,$0.00,$0.00,$0.00,12.45,USPS,09/18,09,18
09/16/18,Amazon.com,09/19/18,CA,Shipped,24.95,$0.00,$0.00,$0.00,$0.00,24.95,UPS,09/18,09,18
09/17/18,Amazon.com,09/17/18,CA,Shipped,10.99,$0.00,$0.00,$0.00,$0.00,10.99,USPS,09/18,09,18
09/19/18,Amazon.com,09/21/18,CA,Shipped,47.99,$0.00,$0.00,$0.00,$0.00,47.99,USPS,09/18,09,18
09/19/18,Amazon.com,09/20/18,CA,Shipped,27.34,$0.00,$2.40,$0.00,$2.40,29.74,AMZN_US,09/18,09,18
09/19/18,Amazon.com,09/20/18,CA,Shipped,208.13,$0.00,$18.21,$0.00,$18.21,226.34,UPS,09/18,09,18
09/23/18,Amazon.com,09/24/18,CA,Shipped,14.48,$0.00,$1.26,$0.00,$1.26,15.74,ONTRAC,09/18,09,18
09/25/18,Amazon.com,09/25/18,CA,Shipped,48.95,$5.99,$2.75,$5.99,$2.75,51.70,ONTRAC,09/18,09,18
09/26/18,Amazon.com,09/26/18,CA,Shipped,23.99,$0.00,$2.10,$0.00,$2.10,26.09,UPS,09/18,09,18
10/01/18,Amazon.com,10/02/18,CA,Shipped,29.68,$0.00,$2.60,$0.00,$2.60,32.28,AMZN_US,10/18,10,18
10/01/18,Amazon.com,10/02/18,CA,Shipped,54.99,$0.00,$4.81,$0.00,$4.81,59.80,USPS,10/18,10,18
10/03/18,Amazon.com,10/04/18,CA,Shipped,247.83,$0.00,$0.00,$0.00,$0.00,247.83,UPS,10/18,10,18
10/12/18,Amazon.com,10/13/18,CA,Shipped,33.07,$0.00,$2.90,$1.00,$2.90,34.97,AMZN_US,10/18,10,18
10/24/18,Amazon.com,10/24/18,CA,Shipped,9.99,$0.00,$0.87,$0.00,$0.87,10.86,SUREPOST,10/18,10,18
11/17/18,Amazon.com,11/18/18,CA,Shipped,26.75,$0.00,$0.00,$0.00,$0.00,26.75,USPS,11/18,11,18
11/17/18,Amazon.com,11/19/18,CA,Shipped,12.99,$0.00,$0.00,$0.00,$0.00,12.99,USPS,11/18,11,18
12/15/18,Amazon.com,12/16/18,CA,Shipped,28.79,$0.00,$0.00,$0.00,$0.00,28.79,USPS,12/18,12,18
02/03/19,Amazon.com,02/03/19,CA,Shipped,25.99,$0.00,$2.27,$0.00,$2.27,28.26,AMZN_US,02/19,02,19
03/04/19,Amazon.com,03/05/19,CA,Shipped,16.95,$0.00,$0.00,$0.00,$0.00,16.95,USPS,03/19,03,19
03/14/19,Amazon.com,03/15/19,CA,Shipped,63.08,$5.99,$2.73,$5.99,$2.73,65.81,AMZN_US,03/19,03,19
03/14/19,Amazon.com,03/15/19,CA,Shipped,21.99,$0.00,$1.92,$0.00,$1.92,23.91,AMZN_US,03/19,03,19
03/17/19,Amazon.com,03/19/19,CA,Shipped,20.00,$0.00,$1.75,$0.00,$1.75,21.75,AMZN_US,03/19,03,19
03/31/19,Amazon.com,04/01/19,CA,Shipped,6.00,$0.00,$0.53,$0.00,$0.53,6.53,AMZN_US,03/19,03,19
03/31/19,Amazon.com,04/01/19,CA,Shipped,6.68,$0.00,$0.58,$0.00,$0.58,7.26,AMZN_US,03/19,03,19
04/06/19,Amazon.com,04/07/19,CA,Shipped,31.22,$0.00,$2.89,$0.00,$2.89,34.11,AMZN_US,04/19,04,19
05/02/19,Amazon.com,05/03/19,CA,Shipped,6.99,$0.00,$0.65,$0.00,$0.65,7.64,USPS,05/19,05,19
05/11/19,Amazon.com,05/13/19,CA,Shipped,19.90,$6.95,$0.00,$0.00,$0.00,26.85,FEDEX,05/19,05,19
05/11/19,Amazon.com,05/11/19,CA,Shipped,172.90,$0.00,$16.43,$0.00,$16.43,189.33,AMZN_US,05/19,05,19
05/19/19,Amazon.com,05/19/19,CA,Shipped,43.85,$0.00,$4.06,$0.00,$4.06,47.91,UPS,05/19,05,19
05/19/19,Amazon.com,05/20/19,CA,Shipped,22.48,$0.00,$2.08,$0.00,$2.08,24.56,AMZN_US,05/19,05,19
05/19/19,Amazon.com,05/20/19,CA,Shipped,8.45,$0.00,$0.00,$0.00,$0.00,8.45,USPS,05/19,05,19
06/02/19,Amazon.com,06/03/19,CA,Shipped,12.97,$0.00,$1.20,$0.00,$1.20,14.17,AMZN_US,06/19,06,19
06/09/19,Amazon.com,06/09/19,CA,Shipped,29.99,$0.00,$0.00,$0.00,$0.00,29.99,AMZN_US,06/19,06,19
06/09/19,Amazon.com,06/10/19,CA,Shipped,19.84,$0.00,$1.84,$0.00,$1.84,21.68,USPS,06/19,06,19
06/09/19,Amazon.com,06/10/19,CA,Shipped,11.60,$0.00,$1.08,$0.00,$1.08,12.68,AMZN_US,06/19,06,19
06/09/19,Amazon.com,06/09/19,CA,Shipped,10.96,$0.00,$1.02,$0.00,$1.02,11.98,AMZN_US,06/19,06,19
06/09/19,Amazon.com,06/10/19,CA,Shipped,24.99,$0.00,$0.00,$0.00,$0.00,24.99,AMZN_US,06/19,06,19
06/09/19,Amazon.com,06/10/19,CA,Shipped,29.99,$0.00,$0.00,$0.00,$0.00,29.99,AMZN_US,06/19,06,19
06/09/19,Amazon.com,06/10/19,CA,Shipped,11.99,$0.00,$1.11,$0.00,$1.11,13.10,AMZN_US,06/19,06,19
06/09/19,Amazon.com,06/10/19,CA,Shipped,6.10,$0.00,$0.56,$0.00,$0.56,6.66,UPS,06/19,06,19
06/15/19,Amazon.com,06/16/19,CA,Shipped,13.95,$0.00,$0.00,$0.00,$0.00,13.95,AMZN_US,06/19,06,19
06/28/19,Amazon.com,06/29/19,CA,Shipped,3.72,$0.00,$0.34,$0.00,$0.34,4.06,AMZN_US,06/19,06,19
06/30/19,Amazon.com,07/01/19,CA,Shipped,79.99,$0.00,$7.80,$0.00,$7.80,87.79,AMZN_US,06/19,06,19
07/24/19,Amazon.com,07/24/19,CA,Shipped,47.58,$0.00,$1.90,$2.00,$1.90,47.48,AMZN_US,07/19,07,19
08/04/19,Amazon.com,08/05/19,CA,Shipped,30.89,$0.00,$3.01,$0.00,$3.01,33.90,AMZN_US,08/19,08,19
08/04/19,Amazon.com,08/05/19,CA,Shipped,19.99,$0.00,$1.90,$0.00,$1.90,21.89,AMZN_US,08/19,08,19
08/24/19,Amazon.com,08/24/19,CA,Shipped,28.99,$0.00,$0.00,$0.00,$0.00,28.99,AMZN_US,08/19,08,19
08/27/19,Amazon.com,08/28/19,CA,Shipped,5.80,$0.00,$0.00,$0.00,$0.00,5.80,USPS,08/19,08,19
08/28/19,Amazon.com,08/29/19,CA,Shipped,22.99,$0.00,$2.24,$0.00,$2.24,25.23,AMZN_US,08/19,08,19
08/28/19,Amazon.com,08/29/19,CA,Shipped,320.32,$0.00,$31.24,$0.00,$31.24,351.56,AMZN_US,08/19,08,19
08/28/19,Amazon.com,08/29/19,CA,Shipped,7.49,$0.00,$0.73,$0.00,$0.73,8.22,AMZN_US,08/19,08,19
08/28/19,Amazon.com,08/30/19,CA,Shipped,16.32,$0.00,$1.60,$0.00,$1.60,17.92,AMZN_US,08/19,08,19
09/05/19,Amazon.com,09/06/19,CA,Shipped,29.89,$0.00,$2.91,$0.00,$2.91,32.80,AMZN_US,09/19,09,19
09/12/19,Amazon.com,09/12/19,CA,Shipped,299.00,$22.99,$0.00,$0.00,$0.00,321.99,USPS,09/19,09,19
09/30/19,Amazon.com,10/01/19,CA,Shipped,0.00,$0.00,$0.00,$0.00,$0.00,0.00,AMZN_US,09/19,09,19
10/02/19,Amazon.com,10/04/19,CA,Shipped,23.59,$0.00,$2.30,$0.00,$2.30,25.89,AMZN_US,10/19,10,19
10/03/19,Amazon.com,10/04/19,CA,Shipped,16.39,$0.00,$1.60,$0.00,$1.60,17.99,AMZN_US,10/19,10,19
10/04/19,Amazon.com,10/05/19,CA,Shipped,5.99,$0.00,$0.58,$0.00,$0.58,6.57,AMZN_US,10/19,10,19
10/06/19,Amazon.com,10/06/19,CA,Shipped,7.69,$0.00,$0.75,$0.00,$0.75,8.44,AMZN_US,10/19,10,19
10/06/19,Amazon.com,10/06/19,CA,Shipped,9.17,$0.00,$0.89,$0.00,$0.89,10.06,AMZN_US,10/19,10,19
10/23/19,Amazon.com,10/24/19,CA,Shipped,5.80,$0.00,$0.57,$0.00,$0.57,6.37,AMZN_US,10/19,10,19
10/25/19,Amazon.com,10/25/19,CA,Shipped,174.96,$0.00,$17.06,$0.00,$17.06,192.02,AMZN_US,10/19,10,19
10/29/19,Amazon.com,10/30/19,CA,Shipped,171.90,$0.00,$16.76,$0.00,$16.76,188.66,AMZN_US,10/19,10,19
11/10/19,Amazon.com,11/11/19,CA,Shipped,10.69,$0.00,$1.04,$0.00,$1.04,11.73,AMZN_US,11/19,11,19
11/10/19,Amazon.com,11/10/19,CA,Shipped,7.99,$0.00,$0.78,$0.00,$0.78,8.77,AMZN_US,11/19,11,19
11/16/19,Amazon.com,11/16/19,CA,Shipped,13.99,$0.00,$1.36,$0.00,$1.36,15.35,AMZN_US,11/19,11,19
11/16/19,Amazon.com,11/16/19,CA,Shipped,31.48,$0.00,$3.07,$0.00,$3.07,34.55,AMZN_US,11/19,11,19
11/17/19,Amazon.com,11/18/19,CA,Shipped,13.95,$0.00,$1.36,$0.00,$1.36,15.31,AMZN_US,11/19,11,19
11/17/19,Amazon.com,11/17/19,CA,Shipped,8.16,$0.00,$0.80,$0.00,$0.80,8.96,AMZN_US,11/19,11,19
11/27/19,Amazon.com,11/27/19,CA,Shipped,8.16,$0.00,$0.80,$0.00,$0.80,8.96,AMZN_US,11/19,11,19
11/27/19,Amazon.com,11/28/19,CA,Shipped,20.97,$0.00,$2.04,$0.00,$2.04,23.01,AMZN_US,11/19,11,19
11/27/19,Amazon.com,11/28/19,CA,Shipped,24.99,$0.00,$2.44,$0.00,$2.44,27.43,AMZN_US,11/19,11,19
11/27/19,Amazon.com,11/28/19,CA,Shipped,25.99,$0.00,$2.53,$0.00,$2.53,28.52,AMZN_US,11/19,11,19
12/01/19,Amazon.com,12/01/19,CA,Shipped,149.00,$0.00,$14.53,$0.00,$14.53,163.53,USPS,12/19,12,19
12/03/19,Amazon.com,12/04/19,CA,Shipped,22.32,$0.00,$2.08,$1.00,$2.08,23.40,USPS,12/19,12,19
12/03/19,Amazon.com,12/05/19,CA,Shipped,6.99,$0.00,$0.68,$0.00,$0.68,7.67,AMZN_US,12/19,12,19
12/10/19,Amazon.com,12/10/19,CA,Shipped,609.00,$0.00,$59.38,$0.00,$59.38,668.38,UPS,12/19,12,19
12/10/19,Amazon.com,12/11/19,CA,Shipped,1049.00,$0.00,$102.28,$0.00,$102.28,1151.28,USPS,12/19,12,19
12/13/19,Amazon.com,12/14/19,CA,Shipped,12.99,$0.00,$1.27,$0.00,$1.27,14.26,USPS,12/19,12,19
12/14/19,Amazon.com,12/14/19,CA,Shipped,9.74,$0.00,$0.95,$0.00,$0.95,10.69,AMZN_US,12/19,12,19
12/14/19,Amazon.com,12/14/19,CA,Shipping soon,1029.00,$0.00,$100.33,$0.00,$100.33,1129.33,NODATA,12/19,12,19
